H,S,V,Color
25,56,50,White
20,94,108,White
18,156,126,White
21,174,97,White
30,31,41,White
102,14,187,White
90,34,76,White
28,54,61,White
20,121,207,White
29,134,40,White
21,52,49,White
20,121,129,White
17,132,77,White
25,86,65,White
23,49,68,White
34,29,70,White
25,72,64,White
20,114,205,White
107,12,191,White
30,3,178,White
23,17,184,White
15,11,187,White
0,0,178,White
115,16,191,White
109,19,191,White
0,0,176,White
13,9,190,White
21,14,184,White
103,36,99,White
30,7,176,White
103,10,185,White
107,12,184,White
0,0,178,White
0,0,176,White
21,21,190,White
21,22,189,White
20,207,112,White
19,198,121,White
22,209,95,White
19,198,107,White
107,76,134,White
106,81,138,White
108,79,151,White
109,66,147,White
108,36,177,White
107,29,173,White
110,38,183,White
102,29,173,White
110,30,176,White
109,21,169,White
110,39,181,White
110,45,180,White
110,87,144,White
108,77,145,White
95,38,204,White
103,62,49,White
30,64,20,White
120,15,35,White
80,77,30,White
23,143,16,White
12,116,11,White
8,41,25,White
18,137,41,White
34,89,63,White
105,20,52,White
46,64,52,White
53,28,82,White
30,4,196,White
40,202,29,White
21,183,124,White
19,21,209,White
150,1,194,White
29,123,52,White
21,87,158,White
22,153,105,White
23,110,123,White
21,128,120,White
107,57,179,White
20,124,127,White
21,123,120,White
17,116,99,White
120,6,177,White
125,16,97,White
126,7,180,White
109,12,170,White
0,0,169,White
0,0,167,White
53,17,136,White
80,5,142,White
98,7,140,White
35,9,172,White
21,16,159,White
38,59,52,White
25,20,142,White
105,15,167,White
115,9,162,White
0,2,170,White
120,6,166,White
130,4,178,White
83,7,138,White
41,255,48,Yellow
33,187,175,Yellow
38,204,85,Yellow
34,199,156,Yellow
33,168,181,Yellow
34,156,185,Yellow
34,178,173,Yellow
34,208,145,Yellow
35,255,49,Yellow
40,255,24,Yellow
136,25,134,Yellow
33,163,186,Yellow
39,255,42,Yellow
34,190,122,Yellow
34,195,166,Yellow
35,192,161,Yellow
34,192,171,Yellow
114,25,162,Yellow
21,224,81,Yellow
15,170,72,Yellow
119,59,146,Yellow
35,165,172,Yellow
35,160,174,Yellow
36,157,167,Yellow
36,164,173,Yellow
100,47,137,Yellow
14,247,91,Yellow
10,247,95,Yellow
120,64,152,Yellow
37,149,169,Yellow
37,159,164,Yellow
41,255,37,Yellow
37,176,139,Yellow
38,155,170,Yellow
106,60,136,Yellow
29,165,192,Yellow
29,141,195,Yellow
24,160,75,Yellow
24,255,49,Yellow
27,167,201,Yellow
27,165,189,Yellow
16,131,208,Yellow
25,163,205,Yellow
14,125,234,Yellow
28,172,196,Yellow
27,149,200,Yellow
28,234,73,Yellow
24,238,73,Yellow
28,159,197,Yellow
28,191,104,Yellow
18,128,178,Yellow
28,162,195,Yellow
16,137,196,Yellow
32,132,186,Yellow
13,133,142,Yellow
32,132,183,Yellow
122,29,114,Yellow
32,127,183,Yellow
33,120,185,Yellow
23,90,203,Yellow
23,179,121,Yellow
28,167,205,Yellow
14,157,167,Yellow
53,241,18,Yellow
51,195,17,Yellow
19,194,50,Yellow
25,241,53,Yellow
54,255,33,Yellow
60,255,33,Yellow
47,255,16,Yellow
56,255,28,Yellow
52,177,26,Yellow
37,224,41,Yellow
59,255,28,Yellow
51,255,37,Yellow
20,209,56,Yellow
57,255,27,Yellow
47,242,61,Yellow
24,213,30,Yellow
24,142,36,Yellow
19,242,39,Yellow
19,214,56,Yellow
54,223,48,Yellow
58,255,29,Yellow
45,205,138,Yellow
53,198,40,Yellow
54,197,31,Yellow
48,158,157,Yellow
44,196,143,Yellow
29,219,28,Yellow
16,153,40,Yellow
14,143,48,Yellow
16,159,64,Yellow
46,160,166,Yellow
45,207,150,Yellow
47,175,163,Yellow
36,132,232,Yellow
35,130,102,Yellow
36,118,222,Yellow
32,223,55,Yellow
19,161,27,Red
5,176,138,Red
9,99,36,Red
8,240,156,Red
9,235,166,Red
22,136,167,Red
23,152,131,Red
16,220,58,Red
6,222,148,Red
7,224,142,Red
9,215,141,Red
7,238,161,Red
7,230,163,Red
20,125,224,Red
0,113,36,Red
4,125,122,Red
23,131,35,Red
25,84,85,Red
97,55,84,Red
30,26,10,Red
90,48,91,Red
104,68,109,Red
108,92,80,Red
103,86,92,Red
102,79,110,Red
107,82,100,Red
106,79,126,Red
103,56,105,Red
7,149,118,Red
178,113,147,Red
9,182,126,Red
27,145,74,Red
8,187,158,Red
29,121,99,Red
83,55,74,Red
12,55,46,Red
26,27,66,Red
3,188,164,Red
164,47,168,Red
7,181,166,Red
4,192,155,Red
107,45,79,Red
7,201,151,Red
163,55,157,Red
120,12,65,Red
15,68,45,Red
6,176,122,Red
37,130,96,Red
6,175,153,Red
33,81,204,Red
11,197,154,Red
11,97,42,Red
0,0,4,Red
0,0,3,Red
2,252,83,Red
3,121,19,Red
1,242,78,Red
5,109,14,Red
30,204,5,Red
2,255,76,Red
5,215,147,Red
23,177,13,Red
17,240,52,Red
8,235,166,Red
19,235,38,Red
1,168,161,Red
12,133,73,Red
6,182,158,Red
27,183,120,Red
15,88,98,Red
16,109,98,Red
16,187,49,Red
17,251,59,Red
12,225,159,Red
13,177,114,Red
100,74,120,Red
21,234,49,Red
13,65,82,Red
1,238,102,Red
103,118,69,Red
105,48,116,Red
100,61,113,Red
107,69,119,Red
101,66,109,Red
99,36,114,Red
178,223,16,Red
3,242,80,Red
20,77,10,Red
4,250,111,Red
24,215,71,Red
36,142,9,Red
17,179,10,Red
35,234,12,Red
5,255,105,Red
1,182,42,Red
1,242,99,Red
3,255,111,Red
2,255,114,Red
3,221,105,Red
0,243,83,Red
9,252,78,Orange
6,221,89,Orange
11,226,255,Orange
11,218,255,Orange
8,214,161,Orange
167,44,157,Orange
8,193,255,Orange
179,96,106,Orange
8,170,255,Orange
10,197,255,Orange
10,207,251,Orange
8,239,94,Orange
9,194,255,Orange
5,140,62,Orange
8,188,255,Orange
7,171,255,Orange
12,234,84,Orange
4,199,86,Orange
8,174,255,Orange
5,139,165,Orange
2,138,105,Orange
3,106,99,Orange
7,179,255,Orange
5,120,51,Orange
21,160,102,Orange
8,224,216,Orange
8,241,56,Orange
2,221,37,Orange
0,198,36,Orange
15,133,75,Orange
113,58,119,Orange
125,45,129,Orange
5,135,32,Orange
120,49,125,Orange
125,53,126,Orange
3,119,45,Orange
16,143,68,Orange
6,232,79,Orange
5,233,127,Orange
6,193,149,Orange
3,213,42,Orange
2,186,181,Orange
34,13,136,Orange
31,71,187,Orange
9,180,227,Orange
178,90,91,Orange
6,174,243,Orange
16,104,101,Orange
24,114,166,Orange
9,187,83,Orange
19,102,219,Orange
19,95,217,Orange
22,87,190,Orange
4,172,86,Orange
4,129,97,Orange
5,168,242,Orange
11,176,77,Orange
8,186,244,Orange
12,75,98,Orange
20,98,216,Orange
20,92,210,Orange
6,168,250,Orange
7,212,36,Orange
7,250,51,Orange
7,211,213,Orange
6,178,83,Orange
8,233,247,Orange
7,233,238,Orange
7,225,238,Orange
8,219,255,Orange
15,158,118,Orange
5,203,99,Orange
14,169,118,Orange
3,233,57,Orange
7,217,251,Orange
8,226,247,Orange
3,221,45,Orange
9,255,203,Orange
9,249,204,Orange
34,169,62,Orange
9,240,188,Orange
12,142,9,Orange
23,128,8,Orange
20,230,10,Orange
3,142,18,Orange
7,225,137,Orange
171,198,27,Orange
8,243,132,Orange
13,209,11,Orange
17,255,18,Orange
8,255,61,Orange
5,221,15,Orange
178,201,19,Orange
9,252,190,Orange
10,245,196,Orange
9,244,191,Orange
10,247,195,Orange
9,212,66,Orange
8,238,200,Orange
9,248,190,Orange
90,109,61,Green
65,184,54,Green
70,190,67,Green
71,149,174,Green
68,145,128,Green
68,133,178,Green
68,133,178,Green
66,129,176,Green
66,137,175,Green
69,157,174,Green
68,163,169,Green
69,154,172,Green
68,149,175,Green
65,136,176,Green
64,130,169,Green
83,125,45,Green
95,112,57,Green
65,120,49,Green
18,203,107,Green
58,223,128,Green
58,210,131,Green
62,208,129,Green
56,220,125,Green
123,23,109,Green
110,62,128,Green
106,53,121,Green
107,49,120,Green
60,206,124,Green
61,195,123,Green
103,59,121,Green
103,60,119,Green
56,188,23,Green
59,204,125,Green
17,195,102,Green
113,19,106,Green
60,141,168,Green
41,168,53,Green
60,116,173,Green
58,82,81,Green
62,96,180,Green
47,140,137,Green
54,140,164,Green
52,152,173,Green
24,143,84,Green
53,137,167,Green
57,133,167,Green
65,94,119,Green
63,99,181,Green
60,95,151,Green
14,57,67,Green
40,167,67,Green
50,29,79,Green
71,41,100,Green
39,165,54,Green
18,121,122,Green
20,187,64,Green
36,70,58,Green
44,51,65,Green
99,47,86,Green
52,138,161,Green
50,143,164,Green
25,103,57,Green
34,154,106,Green
135,5,100,Green
38,103,67,Green
98,35,87,Green
72,195,145,Green
15,163,58,Green
9,218,68,Green
10,251,68,Green
17,250,48,Green
61,246,27,Green
19,235,26,Green
10,247,64,Green
12,255,52,Green
8,212,53,Green
10,251,59,Green
17,247,30,Green
18,144,23,Green
14,255,50,Green
10,212,54,Green
8,210,62,Green
6,192,65,Green
74,189,143,Green
19,206,31,Green
7,224,65,Green
5,234,62,Green
6,228,66,Green
5,221,91,Green
4,193,90,Green
170,199,91,Green
58,222,123,Green
60,255,25,Green
55,255,40,Green
59,248,116,Green
62,191,24,Green
14,26,127,Green
20,207,91,Green
56,253,106,Green
22,248,77,Green
108,245,235,Blue
106,247,224,Blue
24,89,69,Blue
104,80,73,Blue
107,231,216,Blue
107,232,218,Blue
108,205,185,Blue
109,188,149,Blue
33,94,57,Blue
23,97,63,Blue
109,150,75,Blue
104,196,60,Blue
107,233,228,Blue
108,230,226,Blue
108,188,206,Blue
96,115,60,Blue
110,223,167,Blue
109,225,76,Blue
22,182,109,Blue
109,255,193,Blue
109,255,181,Blue
114,243,41,Blue
109,255,203,Blue
16,106,125,Blue
18,96,128,Blue
19,121,116,Blue
109,242,117,Blue
107,113,145,Blue
106,99,131,Blue
27,36,157,Blue
23,70,134,Blue
107,218,232,Blue
106,214,235,Blue
107,205,230,Blue
111,91,140,Blue
21,93,224,Blue
24,86,139,Blue
105,7,76,Blue
107,200,229,Blue
106,198,211,Blue
21,142,144,Blue
23,68,154,Blue
110,87,120,Blue
110,111,166,Blue
13,173,96,Blue
103,136,126,Blue
103,216,205,Blue
104,234,211,Blue
16,203,73,Blue
15,243,64,Blue
13,255,55,Blue
20,127,54,Blue
12,226,53,Blue
28,143,50,Blue
13,247,66,Blue
105,214,88,Blue
103,233,207,Blue
102,189,167,Blue
102,189,167,Blue
109,246,223,Blue
110,214,132,Blue
110,214,132,Blue
109,185,193,Blue
107,226,214,Blue
107,247,230,Blue
108,201,223,Blue
22,101,191,Blue
108,198,196,Blue
109,239,219,Blue
110,214,132,Blue
108,243,233,Blue
107,209,227,Blue
107,209,227,Blue
107,209,227,Blue
107,209,227,Blue
108,224,220,Blue
107,247,229,Blue
110,237,232,Blue
110,207,154,Blue
122,63,69,Blue
110,118,108,Blue
108,230,233,Blue
107,241,226,Blue
108,207,234,Blue
110,214,132,Blue
107,226,214,Blue
113,144,90,Blue
110,210,108,Blue
109,158,68,Blue
110,96,72,Blue
109,251,144,Blue
109,255,166,Blue
109,219,164,Blue
109,242,161,Blue
110,255,165,Blue
109,249,125,Blue
124,105,17,Blue
108,241,150,Blue
103,146,84,Blue
120,64,24,Blue
70,9,173,White
0,0,170,White
21,162,66,White
23,18,171,White
0,0,179,White
96,7,177,White
90,6,176,White
0,0,181,White
30,6,177,White
98,17,175,White
111,27,180,White
105,17,176,White
110,17,178,White
120,1,171,White
110,9,174,White
114,7,173,White
30,2,160,White
0,0,174,White
34,10,175,White
0,0,178,White
30,4,178,White
103,10,179,White
105,14,180,White
90,12,176,White
107,10,180,White
100,13,179,White
0,0,179,White
120,1,180,White
0,0,179,White
0,0,179,White
120,6,183,White
30,3,179,White
30,1,177,White
0,4,181,White
33,15,167,White
36,146,184,Yellow
35,146,182,Yellow
22,120,159,Yellow
30,170,165,Yellow
34,239,64,Yellow
37,160,89,Yellow
34,150,194,Yellow
32,167,166,Yellow
22,129,195,Yellow
31,167,173,Yellow
28,216,78,Yellow
39,219,71,Yellow
34,166,181,Yellow
25,175,109,Yellow
28,214,81,Yellow
33,170,194,Yellow
35,221,76,Yellow
33,156,88,Yellow
32,155,198,Yellow
20,123,214,Yellow
30,172,179,Yellow
21,198,80,Yellow
31,241,55,Yellow
26,210,57,Yellow
35,159,191,Yellow
29,111,101,Yellow
33,167,196,Yellow
32,159,197,Yellow
21,128,202,Yellow
31,163,181,Yellow
31,178,163,Yellow
34,182,182,Yellow
81,34,98,Yellow
35,162,194,Yellow
32,183,196,Yellow
6,253,142,Red
5,255,136,Red
5,255,143,Red
29,140,40,Red
16,209,33,Red
22,231,42,Red
24,177,150,Red
24,169,167,Red
25,168,147,Red
9,246,59,Red
9,222,54,Red
7,255,150,Red
8,234,49,Red
13,248,69,Red
8,250,159,Red
12,253,160,Red
10,252,159,Red
9,238,153,Red
23,135,193,Red
25,131,202,Red
22,222,84,Red
17,244,69,Red
10,240,149,Red
17,223,64,Red
7,231,138,Red
6,219,143,Red
6,238,148,Red
7,225,146,Red
6,250,141,Red
9,245,148,Red
19,117,37,Red
24,141,29,Red
6,253,144,Red
23,210,68,Red
7,223,158,Red
8,201,237,Orange
8,212,65,Orange
1,157,78,Orange
8,207,255,Orange
7,189,178,Orange
8,202,255,Orange
19,155,163,Orange
8,199,232,Orange
8,188,229,Orange
16,160,113,Orange
6,173,231,Orange
4,126,97,Orange
4,171,232,Orange
5,166,230,Orange
3,162,232,Orange
179,147,106,Orange
2,140,236,Orange
173,142,95,Orange
2,145,247,Orange
163,115,109,Orange
1,143,252,Orange
5,168,235,Orange
3,153,232,Orange
5,160,231,Orange
4,152,233,Orange
6,82,118,Orange
10,109,103,Orange
8,193,115,Orange
6,173,255,Orange
28,131,72,Orange
122,58,110,Orange
106,51,176,Orange
10,114,92,Orange
21,137,184,Orange
9,196,251,Orange
50,218,144,Green
33,255,48,Green
20,174,192,Green
22,248,104,Green
42,255,46,Green
48,237,99,Green
42,255,53,Green
46,227,155,Green
21,161,216,Green
52,214,143,Green
39,250,54,Green
20,174,192,Green
21,169,208,Green
46,247,126,Green
47,245,134,Green
33,255,64,Green
22,160,210,Green
22,155,206,Green
45,192,129,Green
52,212,150,Green
51,255,47,Green
47,255,42,Green
22,138,220,Green
20,164,184,Green
25,240,34,Green
53,217,142,Green
51,218,143,Green
50,238,148,Green
39,200,143,Green
24,255,93,Green
48,233,154,Green
49,241,148,Green
49,203,151,Green
108,251,202,Blue
108,246,195,Blue
22,102,160,Blue
25,97,76,Blue
107,251,213,Blue
108,255,211,Blue
110,208,81,Blue
91,211,29,Blue
21,84,182,Blue
20,78,189,Blue
20,104,160,Blue
109,122,46,Blue
109,254,200,Blue
108,255,205,Blue
105,159,56,Blue
108,221,195,Blue
105,13,40,Blue
21,90,192,Blue
23,92,200,Blue
21,147,123,Blue
108,251,189,Blue
108,254,185,Blue
107,255,191,Blue
106,251,188,Blue
110,205,194,Blue
107,226,184,Blue
107,102,108,Blue
108,94,98,Blue
14,97,76,Blue
108,255,192,Blue
109,254,189,Blue
108,255,203,Blue
108,237,197,Blue
19,131,72,Blue
22,149,116,Blue
107,217,179,Blue
107,242,191,Blue
108,249,199,Blue
107,250,191,Blue
16,127,149,Blue
18,25,51,Blue
108,230,205,Blue
107,255,206,Blue
107,243,207,Blue
107,226,205,Blue
42,17,73,Blue
22,92,108,Blue
107,193,188,Blue
107,216,182,Blue
107,245,201,Blue
108,226,202,Blue
107,233,197,Blue
107,138,107,Blue
107,249,197,Blue
107,250,193,Blue
107,238,201,Blue
108,237,202,Blue
94,83,101,Green
60,255,39,Green
60,255,31,Green
58,200,145,Green
57,206,146,Green
55,199,110,Green
55,184,154,Green
56,186,158,Green
58,195,154,Green
58,241,54,Green
62,213,92,Green
59,191,155,Green
97,108,118,Green
71,159,74,Green
68,194,63,Green
40,255,59,Green
22,142,209,Green
22,139,204,Green
46,195,131,Green
23,162,164,Green
58,218,143,Green
54,222,69,Green
45,243,63,Green
57,182,157,Green
60,197,149,Green
61,211,140,Green
59,201,141,Green
56,214,137,Green
24,148,159,Green
49,199,141,Green
54,213,151,Green
57,219,150,Green
59,189,62,Green
56,175,159,Green
23,121,200,Green
33,182,63,Green
48,229,49,Green
61,195,150,Green
61,210,137,Green
58,222,130,Green
7,196,249,Orange
7,201,255,Orange
8,206,255,Orange
6,231,95,Orange
9,230,91,Orange
9,205,255,Orange
8,200,255,Orange
9,235,139,Orange
7,175,255,Orange
11,218,138,Orange
16,190,125,Orange
15,183,139,Orange
7,178,112,Orange
8,202,255,Orange
6,178,239,Orange
5,229,99,Orange
8,201,255,Orange
9,203,173,Orange
9,221,245,Orange
13,225,129,Orange
7,186,191,Orange
152,41,112,Orange
9,204,255,Orange
8,201,253,Orange
8,233,114,Orange
9,215,255,Orange
12,242,99,Orange
9,198,255,Orange
9,216,255,Orange
9,220,255,Orange
9,229,119,Orange
10,207,255,Orange
106,33,162,Red
23,248,69,Red
21,139,196,Red
7,233,164,Red
6,255,155,Red
13,255,71,Red
15,224,90,Red
20,138,215,Red
22,133,203,Red
28,241,37,Red
50,5,162,Red
6,255,147,Red
8,255,154,Red
9,241,165,Red
9,246,169,Red
20,143,219,Red
31,152,190,Yellow
31,162,192,Yellow
22,185,58,Yellow
30,163,192,Yellow
19,154,184,Yellow
29,162,191,Yellow
21,168,144,Yellow
25,198,103,Yellow
27,255,74,Yellow
29,172,202,Yellow
30,164,194,Yellow
31,166,195,Yellow
30,243,88,Yellow
30,255,69,Yellow
31,249,89,Yellow
28,168,182,Yellow
18,132,222,Yellow
19,139,203,Yellow
22,213,115,Yellow
27,252,84,Yellow
31,160,196,Yellow
33,162,146,Yellow
32,148,191,Yellow
31,149,192,Yellow
29,147,196,Yellow
29,162,200,Yellow
30,161,199,Yellow
31,154,194,Yellow
31,141,195,Yellow
30,220,87,Yellow
19,130,222,Yellow
24,215,101,Yellow
30,170,199,Yellow
0,0,176,Yellow
0,0,175,Yellow
19,41,148,Yellow
30,6,181,Yellow
24,38,68,Yellow
19,104,224,Yellow
15,18,199,Yellow
33,16,194,Yellow
30,8,187,Yellow
30,5,187,Yellow
100,12,188,Yellow
83,6,185,Yellow
75,6,183,Yellow
34,9,188,Yellow
30,5,188,Yellow
30,9,191,Yellow
23,17,193,Yellow
33,13,194,Yellow
83,6,185,Yellow
110,4,180,Yellow
0,0,177,Yellow
24,20,181,Yellow
22,15,191,Yellow
30,5,188,Yellow
107,10,180,Yellow
27,43,60,Yellow
107,254,192,Blue
107,240,105,Blue
108,251,197,Blue
34,105,34,Blue
108,236,186,Blue
19,151,172,Blue
21,157,164,Blue
28,141,67,Blue
20,115,207,Blue
111,91,56,Blue
51,50,36,Blue
108,185,179,Blue
115,36,43,Blue
108,136,60,Blue
107,241,202,Blue
105,165,51,Blue
100,222,47,Blue
109,223,181,Blue
107,205,194,Blue
107,203,186,Blue
107,211,185,Blue
108,184,172,Blue
108,139,108,Blue
